9027951, http://clientapi.v.duowan.com/play/9027951.mp4
9022685, http://clientapi.v.duowan.com/play/9022685.mp4
9022683, http://clientapi.v.duowan.com/play/9022683.mp4
9022677, http://clientapi.v.duowan.com/play/9022677.mp4
9022675, http://clientapi.v.duowan.com/play/9022675.mp4
9022669, http://clientapi.v.duowan.com/play/9022669.mp4
9022665, http://clientapi.v.duowan.com/play/9022665.mp4
9022631, http://clientapi.v.duowan.com/play/9022631.mp4
9022287, http://clientapi.v.duowan.com/play/9022287.mp4
9022013, http://clientapi.v.duowan.com/play/9022013.mp4
9021985, http://clientapi.v.duowan.com/play/9021985.mp4
9020643, http://clientapi.v.duowan.com/play/9020643.mp4
9019035, http://clientapi.v.duowan.com/play/9019035.mp4
9018339, http://clientapi.v.duowan.com/play/9018339.mp4
9017687, http://clientapi.v.duowan.com/play/9017687.mp4
9016605, http://clientapi.v.duowan.com/play/9016605.mp4
9016125, http://clientapi.v.duowan.com/play/9016125.mp4
9014561, http://clientapi.v.duowan.com/play/9014561.mp4
9014219, http://clientapi.v.duowan.com/play/9014219.mp4
9014217, http://clientapi.v.duowan.com/play/9014217.mp4
9013899, http://clientapi.v.duowan.com/play/9013899.mp4
9011383, http://clientapi.v.duowan.com/play/9011383.mp4
9011327, http://clientapi.v.duowan.com/play/9011327.mp4
9010993, http://clientapi.v.duowan.com/play/9010993.mp4
9010347, http://clientapi.v.duowan.com/play/9010347.mp4
9008769, http://clientapi.v.duowan.com/play/9008769.mp4
9007897, http://clientapi.v.duowan.com/play/9007897.mp4
9005971, http://clientapi.v.duowan.com/play/9005971.mp4
9005735, http://clientapi.v.duowan.com/play/9005735.mp4
9005633, http://clientapi.v.duowan.com/play/9005633.mp4
9004435, http://clientapi.v.duowan.com/play/9004435.mp4
9003653, http://clientapi.v.duowan.com/play/9003653.mp4
9003553, http://clientapi.v.duowan.com/play/9003553.mp4
9003391, http://clientapi.v.duowan.com/play/9003391.mp4
9001043, http://clientapi.v.duowan.com/play/9001043.mp4
9001039, http://clientapi.v.duowan.com/play/9001039.mp4
9001029, http://clientapi.v.duowan.com/play/9001029.mp4
9001025, http://clientapi.v.duowan.com/play/9001025.mp4
8998575, http://clientapi.v.duowan.com/play/8998575.mp4
8997985, http://clientapi.v.duowan.com/play/8997985.mp4
8997345, http://clientapi.v.duowan.com/play/8997345.mp4
8995039, http://clientapi.v.duowan.com/play/8995039.mp4
8993529, http://clientapi.v.duowan.com/play/8993529.mp4
8993387, http://clientapi.v.duowan.com/play/8993387.mp4
8993049, http://clientapi.v.duowan.com/play/8993049.mp4
8992367, http://clientapi.v.duowan.com/play/8992367.mp4
8991985, http://clientapi.v.duowan.com/play/8991985.mp4
8991081, http://clientapi.v.duowan.com/play/8991081.mp4
8990819, http://clientapi.v.duowan.com/play/8990819.mp4
8990817, http://clientapi.v.duowan.com/play/8990817.mp4
8989135, http://clientapi.v.duowan.com/play/8989135.mp4
8989133, http://clientapi.v.duowan.com/play/8989133.mp4
8989131, http://clientapi.v.duowan.com/play/8989131.mp4
8987551, http://clientapi.v.duowan.com/play/8987551.mp4
8986839, http://clientapi.v.duowan.com/play/8986839.mp4
8986837, http://clientapi.v.duowan.com/play/8986837.mp4
8986229, http://clientapi.v.duowan.com/play/8986229.mp4
8983943, http://clientapi.v.duowan.com/play/8983943.mp4
8983843, http://clientapi.v.duowan.com/play/8983843.mp4
8978417, http://clientapi.v.duowan.com/play/8978417.mp4
8978297, http://clientapi.v.duowan.com/play/8978297.mp4
8976989, http://clientapi.v.duowan.com/play/8976989.mp4
8971997, http://clientapi.v.duowan.com/play/8971997.mp4
8970359, http://clientapi.v.duowan.com/play/8970359.mp4
8966059, http://clientapi.v.duowan.com/play/8966059.mp4
8966053, http://clientapi.v.duowan.com/play/8966053.mp4
8965333, http://clientapi.v.duowan.com/play/8965333.mp4
8964249, http://clientapi.v.duowan.com/play/8964249.mp4
8964243, http://clientapi.v.duowan.com/play/8964243.mp4
8964185, http://clientapi.v.duowan.com/play/8964185.mp4
8960585, http://clientapi.v.duowan.com/play/8960585.mp4
8956849, http://clientapi.v.duowan.com/play/8956849.mp4
8955923, http://clientapi.v.duowan.com/play/8955923.mp4
8955625, http://clientapi.v.duowan.com/play/8955625.mp4
8954263, http://clientapi.v.duowan.com/play/8954263.mp4
8954261, http://clientapi.v.duowan.com/play/8954261.mp4
8954257, http://clientapi.v.duowan.com/play/8954257.mp4
8953425, http://clientapi.v.duowan.com/play/8953425.mp4
8951185, http://clientapi.v.duowan.com/play/8951185.mp4
8951101, http://clientapi.v.duowan.com/play/8951101.mp4
8951065, http://clientapi.v.duowan.com/play/8951065.mp4
8947645, http://clientapi.v.duowan.com/play/8947645.mp4
8947631, http://clientapi.v.duowan.com/play/8947631.mp4
8945925, http://clientapi.v.duowan.com/play/8945925.mp4
8945643, http://clientapi.v.duowan.com/play/8945643.mp4
8944689, http://clientapi.v.duowan.com/play/8944689.mp4
8944675, http://clientapi.v.duowan.com/play/8944675.mp4
8944657, http://clientapi.v.duowan.com/play/8944657.mp4
8944635, http://clientapi.v.duowan.com/play/8944635.mp4
8944625, http://clientapi.v.duowan.com/play/8944625.mp4
8944615, http://clientapi.v.duowan.com/play/8944615.mp4
8944131, http://clientapi.v.duowan.com/play/8944131.mp4
8944037, http://clientapi.v.duowan.com/play/8944037.mp4
8943603, http://clientapi.v.duowan.com/play/8943603.mp4
8943535, http://clientapi.v.duowan.com/play/8943535.mp4
8943447, http://clientapi.v.duowan.com/play/8943447.mp4
8943307, http://clientapi.v.duowan.com/play/8943307.mp4
8943303, http://clientapi.v.duowan.com/play/8943303.mp4
8943291, http://clientapi.v.duowan.com/play/8943291.mp4
8942739, http://clientapi.v.duowan.com/play/8942739.mp4
8939527, http://clientapi.v.duowan.com/play/8939527.mp4
8936135, http://clientapi.v.duowan.com/play/8936135.mp4
8935725, http://clientapi.v.duowan.com/play/8935725.mp4
8935713, http://clientapi.v.duowan.com/play/8935713.mp4
8934435, http://clientapi.v.duowan.com/play/8934435.mp4
8934419, http://clientapi.v.duowan.com/play/8934419.mp4
8934371, http://clientapi.v.duowan.com/play/8934371.mp4
8934367, http://clientapi.v.duowan.com/play/8934367.mp4
8933705, http://clientapi.v.duowan.com/play/8933705.mp4
8933241, http://clientapi.v.duowan.com/play/8933241.mp4
8932801, http://clientapi.v.duowan.com/play/8932801.mp4
8932613, http://clientapi.v.duowan.com/play/8932613.mp4
8931215, http://clientapi.v.duowan.com/play/8931215.mp4
8930709, http://clientapi.v.duowan.com/play/8930709.mp4
8930687, http://clientapi.v.duowan.com/play/8930687.mp4
8928147, http://clientapi.v.duowan.com/play/8928147.mp4
8926995, http://clientapi.v.duowan.com/play/8926995.mp4
8926011, http://clientapi.v.duowan.com/play/8926011.mp4
8925879, http://clientapi.v.duowan.com/play/8925879.mp4
8924855, http://clientapi.v.duowan.com/play/8924855.mp4
8924477, http://clientapi.v.duowan.com/play/8924477.mp4
8924475, http://clientapi.v.duowan.com/play/8924475.mp4
8924345, http://clientapi.v.duowan.com/play/8924345.mp4
8924331, http://clientapi.v.duowan.com/play/8924331.mp4
8923337, http://clientapi.v.duowan.com/play/8923337.mp4
8923193, http://clientapi.v.duowan.com/play/8923193.mp4
8923175, http://clientapi.v.duowan.com/play/8923175.mp4
8922695, http://clientapi.v.duowan.com/play/8922695.mp4
8920811, http://clientapi.v.duowan.com/play/8920811.mp4
8920751, http://clientapi.v.duowan.com/play/8920751.mp4
8911921, http://clientapi.v.duowan.com/play/8911921.mp4
8909663, http://clientapi.v.duowan.com/play/8909663.mp4
8902549, http://clientapi.v.duowan.com/play/8902549.mp4
8900573, http://clientapi.v.duowan.com/play/8900573.mp4
8895711, http://clientapi.v.duowan.com/play/8895711.mp4
8895633, http://clientapi.v.duowan.com/play/8895633.mp4
8895325, http://clientapi.v.duowan.com/play/8895325.mp4
8894801, http://clientapi.v.duowan.com/play/8894801.mp4
8893747, http://clientapi.v.duowan.com/play/8893747.mp4
8892095, http://clientapi.v.duowan.com/play/8892095.mp4
8890675, http://clientapi.v.duowan.com/play/8890675.mp4
8890567, http://clientapi.v.duowan.com/play/8890567.mp4
8890329, http://clientapi.v.duowan.com/play/8890329.mp4
8890255, http://clientapi.v.duowan.com/play/8890255.mp4
8888053, http://clientapi.v.duowan.com/play/8888053.mp4
8887465, http://clientapi.v.duowan.com/play/8887465.mp4
8886809, http://clientapi.v.duowan.com/play/8886809.mp4
8886159, http://clientapi.v.duowan.com/play/8886159.mp4
8886155, http://clientapi.v.duowan.com/play/8886155.mp4
8885823, http://clientapi.v.duowan.com/play/8885823.mp4
8885219, http://clientapi.v.duowan.com/play/8885219.mp4
8885217, http://clientapi.v.duowan.com/play/8885217.mp4
8884651, http://clientapi.v.duowan.com/play/8884651.mp4
8884033, http://clientapi.v.duowan.com/play/8884033.mp4
8884031, http://clientapi.v.duowan.com/play/8884031.mp4
8884027, http://clientapi.v.duowan.com/play/8884027.mp4
8884023, http://clientapi.v.duowan.com/play/8884023.mp4
8882321, http://clientapi.v.duowan.com/play/8882321.mp4
8881771, http://clientapi.v.duowan.com/play/8881771.mp4
8881537, http://clientapi.v.duowan.com/play/8881537.mp4
8880661, http://clientapi.v.duowan.com/play/8880661.mp4
8880065, http://clientapi.v.duowan.com/play/8880065.mp4
8880063, http://clientapi.v.duowan.com/play/8880063.mp4
8880059, http://clientapi.v.duowan.com/play/8880059.mp4
8879991, http://clientapi.v.duowan.com/play/8879991.mp4
8878111, http://clientapi.v.duowan.com/play/8878111.mp4
8877405, http://clientapi.v.duowan.com/play/8877405.mp4
8877203, http://clientapi.v.duowan.com/play/8877203.mp4
8877003, http://clientapi.v.duowan.com/play/8877003.mp4
8876385, http://clientapi.v.duowan.com/play/8876385.mp4
8875427, http://clientapi.v.duowan.com/play/8875427.mp4
8873881, http://clientapi.v.duowan.com/play/8873881.mp4
8872473, http://clientapi.v.duowan.com/play/8872473.mp4
8872117, http://clientapi.v.duowan.com/play/8872117.mp4
8872007, http://clientapi.v.duowan.com/play/8872007.mp4
8871999, http://clientapi.v.duowan.com/play/8871999.mp4
8871967, http://clientapi.v.duowan.com/play/8871967.mp4
8871705, http://clientapi.v.duowan.com/play/8871705.mp4
8870591, http://clientapi.v.duowan.com/play/8870591.mp4
8869679, http://clientapi.v.duowan.com/play/8869679.mp4
8869131, http://clientapi.v.duowan.com/play/8869131.mp4
8867343, http://clientapi.v.duowan.com/play/8867343.mp4
8865417, http://clientapi.v.duowan.com/play/8865417.mp4
8864753, http://clientapi.v.duowan.com/play/8864753.mp4
8864665, http://clientapi.v.duowan.com/play/8864665.mp4
8863823, http://clientapi.v.duowan.com/play/8863823.mp4
8862435, http://clientapi.v.duowan.com/play/8862435.mp4
8860917, http://clientapi.v.duowan.com/play/8860917.mp4
8858111, http://clientapi.v.duowan.com/play/8858111.mp4
8857173, http://clientapi.v.duowan.com/play/8857173.mp4
8856969, http://clientapi.v.duowan.com/play/8856969.mp4
8856411, http://clientapi.v.duowan.com/play/8856411.mp4
8855809, http://clientapi.v.duowan.com/play/8855809.mp4
8854745, http://clientapi.v.duowan.com/play/8854745.mp4
8852403, http://clientapi.v.duowan.com/play/8852403.mp4
8851043, http://clientapi.v.duowan.com/play/8851043.mp4
8850155, http://clientapi.v.duowan.com/play/8850155.mp4
8850145, http://clientapi.v.duowan.com/play/8850145.mp4
8849221, http://clientapi.v.duowan.com/play/8849221.mp4
8848291, http://clientapi.v.duowan.com/play/8848291.mp4
8848149, http://clientapi.v.duowan.com/play/8848149.mp4
8847065, http://clientapi.v.duowan.com/play/8847065.mp4
8846403, http://clientapi.v.duowan.com/play/8846403.mp4
8846091, http://clientapi.v.duowan.com/play/8846091.mp4
8845415, http://clientapi.v.duowan.com/play/8845415.mp4
8844609, http://clientapi.v.duowan.com/play/8844609.mp4
8843685, http://clientapi.v.duowan.com/play/8843685.mp4
8843223, http://clientapi.v.duowan.com/play/8843223.mp4
8842873, http://clientapi.v.duowan.com/play/8842873.mp4
8842385, http://clientapi.v.duowan.com/play/8842385.mp4
8841925, http://clientapi.v.duowan.com/play/8841925.mp4
8841481, http://clientapi.v.duowan.com/play/8841481.mp4
8840667, http://clientapi.v.duowan.com/play/8840667.mp4
8840309, http://clientapi.v.duowan.com/play/8840309.mp4
8839013, http://clientapi.v.duowan.com/play/8839013.mp4
8839011, http://clientapi.v.duowan.com/play/8839011.mp4
8837921, http://clientapi.v.duowan.com/play/8837921.mp4
8836573, http://clientapi.v.duowan.com/play/8836573.mp4
8834647, http://clientapi.v.duowan.com/play/8834647.mp4
8833037, http://clientapi.v.duowan.com/play/8833037.mp4
8831845, http://clientapi.v.duowan.com/play/8831845.mp4
8830905, http://clientapi.v.duowan.com/play/8830905.mp4
8829713, http://clientapi.v.duowan.com/play/8829713.mp4
8828481, http://clientapi.v.duowan.com/play/8828481.mp4
8828403, http://clientapi.v.duowan.com/play/8828403.mp4
8827539, http://clientapi.v.duowan.com/play/8827539.mp4
8826263, http://clientapi.v.duowan.com/play/8826263.mp4
8824801, http://clientapi.v.duowan.com/play/8824801.mp4
8823583, http://clientapi.v.duowan.com/play/8823583.mp4
8823571, http://clientapi.v.duowan.com/play/8823571.mp4
8823525, http://clientapi.v.duowan.com/play/8823525.mp4
8822955, http://clientapi.v.duowan.com/play/8822955.mp4
8822931, http://clientapi.v.duowan.com/play/8822931.mp4
8822547, http://clientapi.v.duowan.com/play/8822547.mp4
8822233, http://clientapi.v.duowan.com/play/8822233.mp4
8821259, http://clientapi.v.duowan.com/play/8821259.mp4
8820171, http://clientapi.v.duowan.com/play/8820171.mp4
8818727, http://clientapi.v.duowan.com/play/8818727.mp4
8817365, http://clientapi.v.duowan.com/play/8817365.mp4
8816777, http://clientapi.v.duowan.com/play/8816777.mp4
8816699, http://clientapi.v.duowan.com/play/8816699.mp4
8814117, http://clientapi.v.duowan.com/play/8814117.mp4
8813309, http://clientapi.v.duowan.com/play/8813309.mp4
8813207, http://clientapi.v.duowan.com/play/8813207.mp4
8812359, http://clientapi.v.duowan.com/play/8812359.mp4
8811349, http://clientapi.v.duowan.com/play/8811349.mp4
8811335, http://clientapi.v.duowan.com/play/8811335.mp4
8811303, http://clientapi.v.duowan.com/play/8811303.mp4
8808705, http://clientapi.v.duowan.com/play/8808705.mp4
8806389, http://clientapi.v.duowan.com/play/8806389.mp4
8806305, http://clientapi.v.duowan.com/play/8806305.mp4
8806301, http://clientapi.v.duowan.com/play/8806301.mp4
8805445, http://clientapi.v.duowan.com/play/8805445.mp4
8805435, http://clientapi.v.duowan.com/play/8805435.mp4
8805423, http://clientapi.v.duowan.com/play/8805423.mp4
8803991, http://clientapi.v.duowan.com/play/8803991.mp4
8802367, http://clientapi.v.duowan.com/play/8802367.mp4
8800615, http://clientapi.v.duowan.com/play/8800615.mp4
8800607, http://clientapi.v.duowan.com/play/8800607.mp4
8800351, http://clientapi.v.duowan.com/play/8800351.mp4
8799817, http://clientapi.v.duowan.com/play/8799817.mp4
8799477, http://clientapi.v.duowan.com/play/8799477.mp4
8799455, http://clientapi.v.duowan.com/play/8799455.mp4
8799381, http://clientapi.v.duowan.com/play/8799381.mp4
8797281, http://clientapi.v.duowan.com/play/8797281.mp4
8797221, http://clientapi.v.duowan.com/play/8797221.mp4
8797139, http://clientapi.v.duowan.com/play/8797139.mp4
8796865, http://clientapi.v.duowan.com/play/8796865.mp4
8796829, http://clientapi.v.duowan.com/play/8796829.mp4
8796743, http://clientapi.v.duowan.com/play/8796743.mp4
8796389, http://clientapi.v.duowan.com/play/8796389.mp4
8795931, http://clientapi.v.duowan.com/play/8795931.mp4
8795925, http://clientapi.v.duowan.com/play/8795925.mp4
8795905, http://clientapi.v.duowan.com/play/8795905.mp4
8795843, http://clientapi.v.duowan.com/play/8795843.mp4
8795797, http://clientapi.v.duowan.com/play/8795797.mp4
8795795, http://clientapi.v.duowan.com/play/8795795.mp4
8795125, http://clientapi.v.duowan.com/play/8795125.mp4
8794581, http://clientapi.v.duowan.com/play/8794581.mp4
8793839, http://clientapi.v.duowan.com/play/8793839.mp4
8793575, http://clientapi.v.duowan.com/play/8793575.mp4
8793573, http://clientapi.v.duowan.com/play/8793573.mp4
8793571, http://clientapi.v.duowan.com/play/8793571.mp4
8793569, http://clientapi.v.duowan.com/play/8793569.mp4
8793283, http://clientapi.v.duowan.com/play/8793283.mp4
8791047, http://clientapi.v.duowan.com/play/8791047.mp4
8791031, http://clientapi.v.duowan.com/play/8791031.mp4
8790991, http://clientapi.v.duowan.com/play/8790991.mp4
8790785, http://clientapi.v.duowan.com/play/8790785.mp4
8790783, http://clientapi.v.duowan.com/play/8790783.mp4
8790781, http://clientapi.v.duowan.com/play/8790781.mp4
8790779, http://clientapi.v.duowan.com/play/8790779.mp4
8790739, http://clientapi.v.duowan.com/play/8790739.mp4
8790737, http://clientapi.v.duowan.com/play/8790737.mp4
8790719, http://clientapi.v.duowan.com/play/8790719.mp4
8790131, http://clientapi.v.duowan.com/play/8790131.mp4
8789885, http://clientapi.v.duowan.com/play/8789885.mp4
8789829, http://clientapi.v.duowan.com/play/8789829.mp4
8789711, http://clientapi.v.duowan.com/play/8789711.mp4
8789707, http://clientapi.v.duowan.com/play/8789707.mp4
8788819, http://clientapi.v.duowan.com/play/8788819.mp4
8787971, http://clientapi.v.duowan.com/play/8787971.mp4
8787633, http://clientapi.v.duowan.com/play/8787633.mp4
8787485, http://clientapi.v.duowan.com/play/8787485.mp4
8786781, http://clientapi.v.duowan.com/play/8786781.mp4
8786123, http://clientapi.v.duowan.com/play/8786123.mp4
8786117, http://clientapi.v.duowan.com/play/8786117.mp4
8785621, http://clientapi.v.duowan.com/play/8785621.mp4
8785617, http://clientapi.v.duowan.com/play/8785617.mp4
8785393, http://clientapi.v.duowan.com/play/8785393.mp4
8785389, http://clientapi.v.duowan.com/play/8785389.mp4
8785213, http://clientapi.v.duowan.com/play/8785213.mp4
8785211, http://clientapi.v.duowan.com/play/8785211.mp4
8784585, http://clientapi.v.duowan.com/play/8784585.mp4
8784483, http://clientapi.v.duowan.com/play/8784483.mp4
8784479, http://clientapi.v.duowan.com/play/8784479.mp4
8784277, http://clientapi.v.duowan.com/play/8784277.mp4
8784273, http://clientapi.v.duowan.com/play/8784273.mp4
8784209, http://clientapi.v.duowan.com/play/8784209.mp4
8782387, http://clientapi.v.duowan.com/play/8782387.mp4
8780403, http://clientapi.v.duowan.com/play/8780403.mp4
8780397, http://clientapi.v.duowan.com/play/8780397.mp4
8780243, http://clientapi.v.duowan.com/play/8780243.mp4
8780051, http://clientapi.v.duowan.com/play/8780051.mp4
8779965, http://clientapi.v.duowan.com/play/8779965.mp4
8779205, http://clientapi.v.duowan.com/play/8779205.mp4
8779191, http://clientapi.v.duowan.com/play/8779191.mp4
8779187, http://clientapi.v.duowan.com/play/8779187.mp4
8779177, http://clientapi.v.duowan.com/play/8779177.mp4
8779175, http://clientapi.v.duowan.com/play/8779175.mp4
8776103, http://clientapi.v.duowan.com/play/8776103.mp4
8775015, http://clientapi.v.duowan.com/play/8775015.mp4
8770955, http://clientapi.v.duowan.com/play/8770955.mp4
8770147, http://clientapi.v.duowan.com/play/8770147.mp4
8748229, http://clientapi.v.duowan.com/play/8748229.mp4
8747589, http://clientapi.v.duowan.com/play/8747589.mp4
8738103, http://clientapi.v.duowan.com/play/8738103.mp4
8693529, http://clientapi.v.duowan.com/play/8693529.mp4
8692661, http://clientapi.v.duowan.com/play/8692661.mp4
8692309, http://clientapi.v.duowan.com/play/8692309.mp4
8692035, http://clientapi.v.duowan.com/play/8692035.mp4
8690497, http://clientapi.v.duowan.com/play/8690497.mp4
8690471, http://clientapi.v.duowan.com/play/8690471.mp4
8689987, http://clientapi.v.duowan.com/play/8689987.mp4
8689265, http://clientapi.v.duowan.com/play/8689265.mp4
8688197, http://clientapi.v.duowan.com/play/8688197.mp4
8688195, http://clientapi.v.duowan.com/play/8688195.mp4
8688079, http://clientapi.v.duowan.com/play/8688079.mp4
8688035, http://clientapi.v.duowan.com/play/8688035.mp4
8688033, http://clientapi.v.duowan.com/play/8688033.mp4
8687909, http://clientapi.v.duowan.com/play/8687909.mp4
8687751, http://clientapi.v.duowan.com/play/8687751.mp4
8687665, http://clientapi.v.duowan.com/play/8687665.mp4
8687453, http://clientapi.v.duowan.com/play/8687453.mp4
8686511, http://clientapi.v.duowan.com/play/8686511.mp4
8686381, http://clientapi.v.duowan.com/play/8686381.mp4
8686299, http://clientapi.v.duowan.com/play/8686299.mp4
8686283, http://clientapi.v.duowan.com/play/8686283.mp4
8685821, http://clientapi.v.duowan.com/play/8685821.mp4
8683291, http://clientapi.v.duowan.com/play/8683291.mp4
8683203, http://clientapi.v.duowan.com/play/8683203.mp4
8682459, http://clientapi.v.duowan.com/play/8682459.mp4
8678985, http://clientapi.v.duowan.com/play/8678985.mp4
8678899, http://clientapi.v.duowan.com/play/8678899.mp4
